INSERT INTO Lugares (CP, noInterior, noExterior, ciudad, pais, estado, calle) VALUES 
(50166, '19', '273', 'Monterrey', 'México', 'Guanajuato', 'Madero'),
(54744, NULL, '851', 'Puebla', 'México', 'CDMX', 'Hidalgo'),
(40336, '42', '931', 'Ciudad de México', 'México', 'Guanajuato', 'Primavera'),
(92584, '22', '401', 'León', 'México', 'CDMX', 'Primavera'),
(76715, NULL, '879', 'Puebla', 'México', 'CDMX', 'Primavera'),
(14837, NULL, '745', 'Guadalajara', 'México', 'Nuevo León', 'Reforma'),
(63700, '49', '571', 'Ciudad de México', 'México', 'Guanajuato', 'Independencia'),
(93780, '45', '922', 'León', 'México', 'Guanajuato', 'Reforma'),
(82100, '3', '489', 'Guadalajara', 'México', 'Puebla', 'Juárez'),
(62742, '45', '346', 'Monterrey', 'México', 'Jalisco', 'Madero'),
(28156, '18', '419', 'Ciudad de México', 'México', 'Puebla', 'Primavera'),
(14238, NULL, '351', 'Guadalajara', 'México', 'Jalisco', 'Reforma'),
(30375, '22', '286', 'Puebla', 'México', 'Nuevo León', 'Madero'),
(87122, '47', '90', 'Guadalajara', 'México', 'Puebla', 'Primavera'),
(39451, NULL, '268', 'Ciudad de México', 'México', 'Jalisco', 'Primavera'),
(55493, '10', '941', 'Guadalajara', 'México', 'Puebla', 'Independencia'),
(84776, NULL, '534', 'León', 'México', 'Puebla', 'Hidalgo'),
(62620, '29', '275', 'León', 'México', 'Puebla', 'Independencia'),
(76797, NULL, '785', 'Puebla', 'México', 'Jalisco', 'Hidalgo'),
(23638, '18', '188', 'León', 'México', 'Guanajuato', 'Reforma'),
(94910, '6', '190', 'Puebla', 'México', 'Guanajuato', 'Madero'),
(93289, NULL, '934', 'León', 'México', 'Jalisco', 'Juárez'),
(25951, NULL, '608', 'Monterrey', 'México', 'Jalisco', 'Juárez'),
(93735, '2', '813', 'Guadalajara', 'México', 'Puebla', 'Juárez'),
(17350, '16', '133', 'León', 'México', 'Guanajuato', 'Juárez'),
(62015, '47', '127', 'Puebla', 'México', 'CDMX', 'Hidalgo'),
(85151, NULL, '776', 'Monterrey', 'México', 'CDMX', 'Primavera'),
(34395, '7', '367', 'Monterrey', 'México', 'Nuevo León', 'Independencia'),
(19096, NULL, '965', 'Monterrey', 'México', 'CDMX', 'Primavera'),
(59703, NULL, '865', 'Ciudad de México', 'México', 'Guanajuato', 'Juárez'),
(51879, '13', '600', 'Guadalajara', 'México', 'Jalisco', 'Reforma'),
(16656, NULL, '707', 'Monterrey', 'México', 'Nuevo León', 'Juárez'),
(16815, '37', '337', 'Monterrey', 'México', 'CDMX', 'Independencia'),
(12062, NULL, '168', 'Ciudad de México', 'México', 'Nuevo León', 'Primavera'),
(63020, NULL, '383', 'Monterrey', 'México', 'Jalisco', 'Madero'),
(49316, '20', '862', 'Monterrey', 'México', 'Jalisco', 'Independencia'),
(83851, '11', '428', 'León', 'México', 'CDMX', 'Reforma'),
(22517, '17', '562', 'Puebla', 'México', 'Guanajuato', 'Juárez'),
(79506, NULL, '701', 'Puebla', 'México', 'Jalisco', 'Madero'),
(10872, '5', '692', 'León', 'México', 'Puebla', 'Hidalgo');

INSERT INTO Destinos (idDestino, nombreEstablecimiento) VALUES 
(10, 'Museo Interactivo 1'),
(22, 'Museo Interactivo 2'),
(21, 'Museo Interactivo 3'),
(26, 'Museo Interactivo 4'),
(1, 'Museo Interactivo 5'),
(8, 'Museo Interactivo 6'),
(31, 'Museo Interactivo 7'),
(13, 'Museo Interactivo 8'),
(36, 'Museo Interactivo 9'),
(24, 'Museo Interactivo 10'),
(4, 'Museo Interactivo 11'),
(18, 'Museo Interactivo 12'),
(20, 'Museo Interactivo 13'),
(29, 'Museo Interactivo 14'),
(3, 'Museo Interactivo 15'),
(30, 'Museo Interactivo 16'),
(5, 'Museo Interactivo 17'),
(17, 'Museo Interactivo 18'),
(6, 'Museo Interactivo 19'),
(27, 'Museo Interactivo 20');

INSERT INTO Origenes (idOrigen, nombreEscuela) VALUES 
(2, 'Escuela Técnica 1'),
(7, 'Escuela Técnica 2'),
(9, 'Escuela Técnica 3'),
(11, 'Escuela Técnica 4'),
(12, 'Escuela Técnica 5'),
(14, 'Escuela Técnica 6'),
(15, 'Escuela Técnica 7'),
(16, 'Escuela Técnica 8'),
(19, 'Escuela Técnica 9'),
(23, 'Escuela Técnica 10'),
(25, 'Escuela Técnica 11'),
(28, 'Escuela Técnica 12'),
(32, 'Escuela Técnica 13'),
(33, 'Escuela Técnica 14'),
(34, 'Escuela Técnica 15'),
(35, 'Escuela Técnica 16'),
(37, 'Escuela Técnica 17'),
(38, 'Escuela Técnica 18'),
(39, 'Escuela Técnica 19'),
(40, 'Escuela Técnica 20');

INSERT INTO Especialidades (especialidad) VALUES 
('Matemáticas'),
('Física'),
('Química'),
('Biología'),
('Historia'),
('Geografía'),
('Literatura'),
('Inglés'),
('Arte'),
('Computación');

INSERT INTO Docentes (nombre, aPaterno, aMaterno, idEspecialidad) VALUES 
('María', 'Martínez', 'López', 10),
('Carlos', 'Hernández', 'González', 9),
('Isabel', 'Ramírez', 'Pérez', 8),
('Sofía', 'García', 'González', 8),
('Isabel', 'Hernández', 'Pérez', 7),
('Ana', 'García', 'Sánchez', 4),
('María', 'García', 'López', 4),
('Isabel', 'Sánchez', 'Pérez', 6),
('Juan', 'González', 'Sánchez', 8),
('María', 'Sánchez', 'García', 1),
('Luis', 'Martínez', 'Ramírez', 6),
('Isabel', 'López', 'Pérez', 3),
('Isabel', 'García', 'Ramírez', 8),
('Luis', 'López', 'González', 8),
('Ana', 'López', 'Pérez', 7),
('María', 'López', 'Sánchez', 5),
('Ana', 'Pérez', 'López', 8),
('Luis', 'Ramírez', 'Ramírez', 5),
('Pedro', 'González', 'López', 4),
('Ana', 'Hernández', 'Hernández', 2),
('Ana', 'García', 'Hernández', 6),
('Carlos', 'Sánchez', 'Ramírez', 10),
('Luis', 'Sánchez', 'García', 5),
('Ana', 'García', 'Hernández', 10),
('Carlos', 'García', 'García', 9),
('Lucía', 'García', 'Ramírez', 9),
('Isabel', 'Hernández', 'González', 2),
('Jorge', 'Ramírez', 'Ramírez', 1),
('María', 'González', 'Hernández', 4),
('Isabel', 'López', 'García', 4),
('Sofía', 'Hernández', 'González', 2),
('María', 'García', 'González', 2),
('Juan', 'Ramírez', 'Pérez', 4),
('Carlos', 'Pérez', 'Martínez', 1),
('Sofía', 'Ramírez', 'Ramírez', 1),
('Jorge', 'García', 'Ramírez', 2),
('Carlos', 'Sánchez', 'Sánchez', 6),
('Lucía', 'García', 'Pérez', 8),
('Jorge', 'Sánchez', 'López', 10),
('Carlos', 'Pérez', 'García', 9);

INSERT INTO TelefonoDocentes (idDocente, telefono) VALUES 
(1, 5549881637),
(2, 5559245952),
(3, 5550058403),
(4, 5583441385),
(5, 5506771100),
(6, 5599177788),
(7, 5578624224),
(8, 5502332879),
(9, 5594388912),
(10, 5532323019),
(11, 5544150373),
(12, 5567457816),
(13, 5516357744),
(14, 5515712920),
(15, 5588644241),
(16, 5551110045),
(17, 5597185252),
(18, 5539071261),
(19, 5589761070),
(20, 5511249103),
(21, 5534991086),
(22, 5535013982),
(23, 5513187637),
(24, 5516095597),
(25, 5536840679),
(26, 5559749828),
(27, 5576629569),
(28, 5563584085),
(29, 5591817312),
(30, 5576774231),
(31, 5599211298),
(32, 5572316358),
(33, 5596170581),
(34, 5549932708),
(35, 5561213232),
(36, 5563759688),
(37, 5500091175),
(38, 5588136400),
(39, 5595337212),
(40, 5512057234);

INSERT INTO Autorizaciones (fechaAutorizacion, nombreTutor, comentarios, estado) VALUES 
('2022-01-03', 'Pedro García', NULL, 'Rechazado'),
('2022-02-03', 'Laura López', 'Autorización para excursión escolar', 'Autorizado'),
('2022-06-14', 'Jorge Ramírez', NULL, 'Rechazado'),
('2024-06-08', 'Andrés López', 'Autorización para excursión escolar', 'Autorizado'),
('2022-01-07', 'Marta López', NULL, 'Autorizado'),
('2022-05-11', 'Jorge Ramírez', 'Autorización para excursión escolar', 'Autorizado'),
('2023-03-12', 'Pedro Martínez', 'Autorización para excursión escolar', 'Rechazado'),
('2022-07-28', 'Sofía Martínez', NULL, 'Autorizado'),
('2022-11-26', 'Sofía Martínez', 'Autorización para excursión escolar', 'Autorizado'),
('2025-03-09', 'Jorge Ramírez', 'Autorización para excursión escolar', 'Rechazado'),
('2024-02-24', 'Laura López', NULL, 'Autorizado'),
('2022-04-25', 'Luis Ramírez', NULL, 'Autorizado'),
('2024-02-18', 'Sofía López', 'Autorización para excursión escolar', 'Autorizado'),
('2024-04-06', 'Sofía Martínez', 'Autorización para excursión escolar', 'Rechazado'),
('2024-10-07', 'Sofía García', 'Autorización para excursión escolar', 'Autorizado'),
('2024-06-22', 'Carlos García', 'Autorización para excursión escolar', 'Rechazado'),
('2022-10-04', 'Ana García', NULL, 'Rechazado'),
('2023-03-19', 'Laura Martínez', NULL, 'Rechazado'),
('2022-09-26', 'Marta Ramírez', 'Autorización para excursión escolar', 'Rechazado'),
('2022-05-03', 'Ana López', NULL, 'Rechazado'),
('2025-01-28', 'Marta Ramírez', 'Autorización para excursión escolar', 'Rechazado'),
('2022-05-19', 'Andrés García', 'Autorización para excursión escolar', 'Autorizado'),
('2024-05-18', 'Pedro García', 'Autorización para excursión escolar', 'Autorizado'),
('2024-10-10', 'Jorge Martínez', NULL, 'Autorizado'),
('2022-03-11', 'Sofía García', NULL, 'Rechazado'),
('2023-11-10', 'Luis García', NULL, 'Autorizado'),
('2022-07-18', 'Carlos Ramírez', NULL, 'Autorizado'),
('2024-09-23', 'Marta López', 'Autorización para excursión escolar', 'Autorizado'),
('2023-01-01', 'Marta García', 'Autorización para excursión escolar', 'Autorizado'),
('2024-01-14', 'Andrés Ramírez', 'Autorización para excursión escolar', 'Rechazado'),
('2023-03-25', 'María García', NULL, 'Rechazado'),
('2022-02-02', 'Ana López', 'Autorización para excursión escolar', 'Rechazado'),
('2023-07-06', 'Pedro Ramírez', NULL, 'Rechazado'),
('2023-11-11', 'Pedro García', 'Autorización para excursión escolar', 'Rechazado'),
('2023-02-22', 'Sofía Martínez', 'Autorización para excursión escolar', 'Rechazado'),
('2023-11-17', 'Ana Ramírez', 'Autorización para excursión escolar', 'Autorizado'),
('2023-01-12', 'Luis García', 'Autorización para excursión escolar', 'Autorizado'),
('2022-04-25', 'Sofía López', 'Autorización para excursión escolar', 'Autorizado'),
('2025-04-01', 'Ana Martínez', NULL, 'Autorizado'),
('2022-04-27', 'Andrés Martínez', 'Autorización para excursión escolar', 'Rechazado');

INSERT INTO AutorizacionTelefono (idAutorizacion, telefonoTutor) VALUES 
(1, 5519782839),
(2, 5583290358),
(3, 5501177034),
(4, 5558325279),
(5, 5597326561),
(6, 5598033742),
(7, 5566641439),
(8, 5552434349),
(9, 5592109285),
(10, 5558274720),
(11, 5570869181),
(12, 5544991428),
(13, 5510852026),
(14, 5570227549),
(15, 5565966791),
(16, 5571568236),
(17, 5596972325),
(18, 5521077198),
(19, 5536692575),
(20, 5598474148),
(21, 5522306554),
(22, 5562030635),
(23, 5564338159),
(24, 5555257379),
(25, 5559837465),
(26, 5527616504),
(27, 5532200739),
(28, 5506258863),
(29, 5598118840),
(30, 5565681103),
(31, 5520023297),
(32, 5575822322),
(33, 5529148041),
(34, 5507368879),
(35, 5536377863),
(36, 5526273125),
(37, 5598922566),
(38, 5580505759),
(39, 5516954046),
(40, 5585462224);

INSERT INTO Estudiantes (nombre, aPaterno, aMaterno, idAutorizacion) VALUES 
('Pedro', 'López', 'Hernández', 1),
('Carlos', 'Sánchez', 'Martínez', 2),
('Luis', 'Pérez', 'Martínez', 3),
('Jorge', 'Ramírez', 'Hernández', 4),
('Ana', 'Hernández', 'Hernández', 5),
('Luis', 'Pérez', 'Ramírez', 6),
('Jorge', 'Martínez', 'Martínez', 7),
('Carlos', 'Martínez', 'Hernández', 8),
('Lucía', 'García', 'Ramírez', 9),
('Lucía', 'Ramírez', 'López', 10),
('Ana', 'García', 'López', 11),
('Juan', 'Pérez', 'Sánchez', 12),
('Jorge', 'López', 'Martínez', 13),
('Juan', 'Martínez', 'Ramírez', 14),
('María', 'Hernández', 'García', 15),
('Juan', 'López', 'Hernández', 16),
('Luis', 'Hernández', 'Pérez', 17),
('Luis', 'Hernández', 'Martínez', 18),
('Carlos', 'Martínez', 'Hernández', 19),
('Carlos', 'Ramírez', 'García', 20),
('Carlos', 'Ramírez', 'García', 21),
('Pedro', 'Hernández', 'Sánchez', 22),
('Pedro', 'Hernández', 'González', 23),
('Jorge', 'González', 'García', 24),
('Lucía', 'González', 'Pérez', 25),
('Lucía', 'Hernández', 'López', 26),
('Lucía', 'García', 'Sánchez', 27),
('Isabel', 'Hernández', 'González', 28),
('Pedro', 'Pérez', 'Hernández', 29),
('María', 'Martínez', 'López', 30),
('Pedro', 'Martínez', 'González', 31),
('Lucía', 'Ramírez', 'González', 32),
('Ana', 'Sánchez', 'García', 33),
('María', 'Hernández', 'Ramírez', 34),
('Ana', 'González', 'Martínez', 35),
('Carlos', 'Ramírez', 'Ramírez', 36),
('María', 'Sánchez', 'Ramírez', 37),
('Pedro', 'Hernández', 'Martínez', 38),
('Juan', 'García', 'González', 39),
('Sofía', 'Hernández', 'García', 40);

INSERT INTO Pagos (monto, fechaPago, idEstudiante) VALUES 
(2428, '2023-06-27', 1),
(2904, '2023-02-18', 2),
(825, '2023-08-25', 3),
(2630, '2024-12-18', 4),
(2823, '2024-06-03', 5),
(1772, '2023-04-28', 6),
(903, '2023-07-21', 7),
(1012, '2024-10-18', 8),
(756, '2024-04-13', 9),
(1952, '2023-03-27', 10),
(1898, '2024-06-28', 11),
(1719, '2023-03-20', 12),
(2506, '2023-01-26', 13),
(1725, '2024-06-15', 14),
(2169, '2024-10-06', 15),
(2288, '2023-12-10', 16),
(1669, '2024-07-26', 17),
(2140, '2023-05-09', 18),
(814, '2023-02-24', 19),
(1666, '2024-03-27', 20),
(2478, '2024-10-24', 21),
(799, '2024-01-08', 22),
(2242, '2024-08-28', 23),
(1151, '2023-03-23', 24),
(1938, '2024-07-20', 25),
(845, '2023-02-13', 26),
(2682, '2024-02-03', 27),
(1326, '2023-04-04', 28),
(1815, '2024-07-27', 29),
(2329, '2024-02-19', 30),
(1273, '2025-01-22', 31),
(1773, '2024-11-01', 32),
(1169, '2023-01-10', 33),
(645, '2024-05-30', 34),
(595, '2024-03-30', 35),
(1833, '2024-07-20', 36),
(2045, '2023-09-12', 37),
(2297, '2025-03-20', 38),
(1075, '2023-12-02', 39),
(2541, '2024-09-07', 40);

INSERT INTO Grupos (grupo) VALUES 
('Grupo A'),
('Grupo B'),
('Grupo C'),
('Grupo D'),
('Grupo E'),
('Grupo F'),
('Grupo G'),
('Grupo H'),
('Grupo I'),
('Grupo J');

INSERT INTO GrupoAlumno (idGrupo, idEstudiante) VALUES 
(1, 1),
(5, 2),
(4, 3),
(8, 4),
(8, 5),
(4, 6),
(3, 7),
(1, 8),
(5, 9),
(6, 10),
(4, 11),
(5, 12),
(9, 13),
(2, 14),
(2, 15),
(9, 16),
(10, 17),
(1, 18),
(6, 19),
(1, 20),
(5, 21),
(9, 22),
(3, 23),
(9, 24),
(8, 25),
(2, 26),
(1, 27),
(9, 28),
(4, 29),
(10, 30),
(8, 31),
(4, 32),
(7, 33),
(2, 34),
(10, 35),
(10, 36),
(2, 37),
(5, 38),
(7, 39),
(5, 40);

INSERT INTO Viajes (nombreViaje, descripcion, fechaInicio, fechaFin, idDestino, idOrigen) VALUES 
('Excursión a sitio cultural 1', 'Visita educativa a museo y actividades culturales para estudiantes del grupo.', '2024-03-06', '2024-03-10', 10, 40),
('Excursión a sitio cultural 2', 'Visita educativa a museo y actividades culturales para estudiantes del grupo.', '2024-03-08', '2024-03-14', 22, 15),
('Excursión a sitio cultural 3', 'Visita educativa a museo y actividades culturales para estudiantes del grupo.', '2024-05-09', '2024-05-14', 21, 12),
('Excursión a sitio cultural 4', 'Visita educativa a museo y actividades culturales para estudiantes del grupo.', '2025-02-02', '2025-02-06', 26, 31),
('Excursión a sitio cultural 5', NULL, '2025-01-02', '2025-01-08', 1, 14),
('Excursión a sitio cultural 6', NULL, '2024-08-11', '2024-08-13', 8, 34),
('Excursión a sitio cultural 7', 'Visita educativa a museo y actividades culturales para estudiantes del grupo.', '2024-06-16', '2024-06-21', 31, 7),
('Excursión a sitio cultural 8', NULL, '2024-03-03', '2024-03-05', 13, 23),
('Excursión a sitio cultural 9', 'Visita educativa a museo y actividades culturales para estudiantes del grupo.', '2024-12-26', '2024-12-28', 36, 1),
('Excursión a sitio cultural 10', 'Visita educativa a museo y actividades culturales para estudiantes del grupo.', '2024-04-10', '2024-04-16', 24, 1),
('Excursión a sitio cultural 11', 'Visita educativa a museo y actividades culturales para estudiantes del grupo.', '2024-10-08', '2024-10-13', 4, 18),
('Excursión a sitio cultural 12', NULL, '2025-01-11', '2025-01-17', 18, 39),
('Excursión a sitio cultural 13', 'Visita educativa a museo y actividades culturales para estudiantes del grupo.', '2024-01-25', '2024-01-28', 20, 38),
('Excursión a sitio cultural 14', 'Visita educativa a museo y actividades culturales para estudiantes del grupo.', '2024-03-24', '2024-03-30', 29, 33),
('Excursión a sitio cultural 15', 'Visita educativa a museo y actividades culturales para estudiantes del grupo.', '2024-04-21', '2024-04-23', 3, 2),
('Excursión a sitio cultural 16', 'Visita educativa a museo y actividades culturales para estudiantes del grupo.', '2024-08-19', '2024-08-22', 30, 28),
('Excursión a sitio cultural 17', 'Visita educativa a museo y actividades culturales para estudiantes del grupo.', '2024-10-10', '2024-10-13', 5, 34),
('Excursión a sitio cultural 18', 'Visita educativa a museo y actividades culturales para estudiantes del grupo.', '2024-08-20', '2024-08-26', 17, 28),
('Excursión a sitio cultural 19', NULL, '2024-02-14', '2024-02-18', 6, 9),
('Excursión a sitio cultural 20', 'Visita educativa a museo y actividades culturales para estudiantes del grupo.', '2024-09-20', '2024-09-22', 27, 35);

INSERT INTO DetallesViaje (costoTotal, comentarios, idViaje, idEstudiante) VALUES 
(1005, 'Incluye transporte y entradas', 1, 9),
(3941, 'Incluye transporte y entradas', 1, 37),
(3010, 'Incluye transporte y entradas', 1, 11),
(1648, 'Incluye transporte y entradas', 1, 40),
(3075, 'Incluye transporte y entradas', 2, 25),
(2632, 'Incluye transporte y entradas', 2, 33),
(867, 'Incluye transporte y entradas', 2, 19),
(1449, 'Incluye transporte y entradas', 2, 36),
(3614, 'Incluye transporte y entradas', 2, 16),
(1423, 'Incluye transporte y entradas', 3, 34),
(815, 'Incluye transporte y entradas', 3, 8),
(2332, 'Incluye transporte y entradas', 3, 31),
(2264, 'Incluye transporte y entradas', 3, 37),
(3736, 'Incluye transporte y entradas', 3, 15),
(2231, 'Incluye transporte y entradas', 4, 12),
(881, 'Incluye transporte y entradas', 4, 31),
(843, 'Incluye transporte y entradas', 4, 16),
(1627, 'Incluye transporte y entradas', 5, 14),
(3080, 'Incluye transporte y entradas', 5, 29),
(1960, 'Incluye transporte y entradas', 5, 3),
(1791, 'Incluye transporte y entradas', 5, 17),
(3194, 'Incluye transporte y entradas', 5, 5),
(1325, 'Incluye transporte y entradas', 5, 40),
(3746, 'Incluye transporte y entradas', 5, 32),
(1948, 'Incluye transporte y entradas', 6, 11),
(1933, 'Incluye transporte y entradas', 6, 8),
(3703, 'Incluye transporte y entradas', 6, 4),
(1175, 'Incluye transporte y entradas', 7, 23),
(965, 'Incluye transporte y entradas', 7, 33),
(3354, 'Incluye transporte y entradas', 7, 24),
(1040, 'Incluye transporte y entradas', 7, 4),
(3256, 'Incluye transporte y entradas', 7, 30),
(824, 'Incluye transporte y entradas', 7, 20),
(2400, 'Incluye transporte y entradas', 7, 11),
(2111, 'Incluye transporte y entradas', 8, 29),
(1509, 'Incluye transporte y entradas', 8, 7),
(1451, 'Incluye transporte y entradas', 8, 11),
(2598, 'Incluye transporte y entradas', 8, 38),
(2030, 'Incluye transporte y entradas', 8, 16),
(2867, 'Incluye transporte y entradas', 8, 31),
(2852, 'Incluye transporte y entradas', 8, 20),
(3733, 'Incluye transporte y entradas', 8, 19),
(3311, 'Incluye transporte y entradas', 9, 19),
(1428, 'Incluye transporte y entradas', 9, 25),
(3092, 'Incluye transporte y entradas', 9, 15),
(1202, 'Incluye transporte y entradas', 10, 23),
(1628, 'Incluye transporte y entradas', 10, 18),
(3812, 'Incluye transporte y entradas', 10, 13),
(1013, 'Incluye transporte y entradas', 10, 15),
(1982, 'Incluye transporte y entradas', 11, 31),
(3314, 'Incluye transporte y entradas', 11, 7),
(3753, 'Incluye transporte y entradas', 11, 30),
(1750, 'Incluye transporte y entradas', 11, 29),
(2161, 'Incluye transporte y entradas', 11, 20),
(2354, 'Incluye transporte y entradas', 11, 16),
(3413, 'Incluye transporte y entradas', 11, 10),
(950, 'Incluye transporte y entradas', 12, 31),
(3140, 'Incluye transporte y entradas', 12, 27),
(3675, 'Incluye transporte y entradas', 12, 24),
(1634, 'Incluye transporte y entradas', 12, 34),
(2306, 'Incluye transporte y entradas', 12, 7),
(2120, 'Incluye transporte y entradas', 12, 23),
(3923, 'Incluye transporte y entradas', 12, 5),
(1518, 'Incluye transporte y entradas', 13, 1),
(2393, 'Incluye transporte y entradas', 13, 26),
(3680, 'Incluye transporte y entradas', 13, 33),
(3300, 'Incluye transporte y entradas', 13, 20),
(3856, 'Incluye transporte y entradas', 14, 21),
(3023, 'Incluye transporte y entradas', 14, 17),
(1462, 'Incluye transporte y entradas', 14, 11),
(943, 'Incluye transporte y entradas', 14, 35),
(1133, 'Incluye transporte y entradas', 14, 6),
(2347, 'Incluye transporte y entradas', 15, 36),
(2573, 'Incluye transporte y entradas', 15, 16),
(1745, 'Incluye transporte y entradas', 15, 17),
(1516, 'Incluye transporte y entradas', 15, 24),
(3742, 'Incluye transporte y entradas', 16, 6),
(1235, 'Incluye transporte y entradas', 16, 32),
(3564, 'Incluye transporte y entradas', 16, 2),
(2138, 'Incluye transporte y entradas', 16, 12),
(1555, 'Incluye transporte y entradas', 16, 27),
(3567, 'Incluye transporte y entradas', 16, 22),
(1008, 'Incluye transporte y entradas', 16, 35),
(1647, 'Incluye transporte y entradas', 16, 8),
(2528, 'Incluye transporte y entradas', 17, 8),
(1963, 'Incluye transporte y entradas', 17, 3),
(3549, 'Incluye transporte y entradas', 17, 33),
(3170, 'Incluye transporte y entradas', 17, 13),
(1471, 'Incluye transporte y entradas', 17, 38),
(1220, 'Incluye transporte y entradas', 18, 32),
(3306, 'Incluye transporte y entradas', 18, 15),
(1012, 'Incluye transporte y entradas', 18, 36),
(2598, 'Incluye transporte y entradas', 19, 30),
(1140, 'Incluye transporte y entradas', 19, 37),
(2450, 'Incluye transporte y entradas', 19, 33),
(2587, 'Incluye transporte y entradas', 19, 21),
(3120, 'Incluye transporte y entradas', 19, 15),
(2663, 'Incluye transporte y entradas', 19, 1),
(3522, 'Incluye transporte y entradas', 19, 38),
(1715, 'Incluye transporte y entradas', 19, 2),
(2614, 'Incluye transporte y entradas', 20, 7),
(1403, 'Incluye transporte y entradas', 20, 8),
(3430, 'Incluye transporte y entradas', 20, 24),
(3397, 'Incluye transporte y entradas', 20, 11);